-- phpMyAdmin SQL Dump
-- version 4.3.8
-- http://www.phpmyadmin.net
--
-- Host: localhost
-- Generation Time: Sep 11, 2017 at 12:22 PM
-- Server version: 5.5.51-38.2
-- PHP Version: 5.6.20

SET SQL_MODE = "NO_AUTO_VALUE_ON_ZERO";
SET time_zone = "+00:00";


/*!40101 SET @OLD_CHARACTER_SET_CLIENT=@@CHARACTER_SET_CLIENT */;
/*!40101 SET @OLD_CHARACTER_SET_RESULTS=@@CHARACTER_SET_RESULTS */;
/*!40101 SET @OLD_COLLATION_CONNECTION=@@COLLATION_CONNECTION */;
/*!40101 SET NAMES utf8 */;

--
-- Database: `scott_psypharm`
--

-- --------------------------------------------------------

--
-- Table structure for table `ppcombo`
--

CREATE TABLE IF NOT EXISTS `ppcombo` (
  `tradename` varchar(40) COLLATE utf8_unicode_ci NOT NULL,
  `keyid` int(11) NOT NULL
) ENGINE=MyISAM DEFAULT CHARSET=utf8 COLLATE=utf8_unicode_ci;

-- --------------------------------------------------------

--
-- Table structure for table `ppgenmed`
--

CREATE TABLE IF NOT EXISTS `ppgenmed` (
  `mednam` varchar(40) COLLATE utf8_unicode_ci NOT NULL,
  `keyid` int(11) NOT NULL
) ENGINE=MyISAM AUTO_INCREMENT=128 DEFAULT CHARSET=utf8 COLLATE=utf8_unicode_ci;

--
-- Dumping data for table `ppgenmed`
--

INSERT INTO `ppgenmed` (`mednam`, `keyid`) VALUES
('fluoxetine', 1),
('duloxetine', 2),
('alprazolam', 3),
('diazepam', 4),
('clonazepam', 5),
('lorazepam', 6),
('aripiprazole', 7),
('trazodone', 8),
('lurasidone', 9),
('ziprasidone', 10),
('temazepam', 11),
('triazolam', 12),
('carisoprodol', 13),
('sertraline', 14),
('paroxetine', 15),
('citalopram', 16),
('escitalopram', 17),
('fluvoxamine', 18),
('dapoxetine', 19),
('seproxetine', 20),
('mesembrine', 21),
('zimelidine', 22),
('cyclobenzaprine', 23),
('baclofen', 24),
('orphenadrine', 25),
('methocarbamol', 26),
('metaxalone', 27),
('tizanidine', 28),
('buspirone', 29),
('zolpidem', 30),
('zaleplon', 31),
('quetiapine', 32),
('venlafaxine', 33),
('desvenlafaxine', 34),
('milnacipran', 35),
('amitriptyline', 36),
('clomipramine', 37),
('nortriptyline', 38),
('desipramine', 39),
('doxepin', 40),
('imipramine', 41),
('phenelzine', 42),
('bupropion', 43),
('@0001', 44),
('pregabalin', 45),
('prazosin', 46),
('suvorexant', 47),
('fluphenazine', 48),
('divalproex', 49),
('lithium', 50),
('vortioxetine', 51),
('vilazodone', 52),
('brexpiprazole', 53),
('nefazodone', 54),
('etoperidone', 55),
('lorpiprazole', 56),
('lubazodone', 57),
('mepiprazole', 58),
('niaprazine', 59),
('medifoxamine', 60),
('aptazapine', 61),
('esmirtazapine', 62),
('mianserin', 63),
('agomelatine', 64),
('flibanserin', 65),
('reboxetine', 66),
('viloxazine', 67),
('maprotiline', 68),
('tapentadol', 69),
('teniloxazine', 70),
('protriptyline', 71),
('setiptiline', 72),
('amoxapine', 73),
('benzoctamine', 74),
('loxapine', 75),
('mazindol', 76),
('levothyroxine', 77),
('pimozide', 78),
('haloperidol', 79),
('chlorpromazine', 80),
('perazine', 81),
('prochlorperazine', 82),
('promethazine', 83),
('trifluoperazine', 84),
('clopenthixol', 85),
('thiothixene', 86),
('asenapine', 87),
('cariprazine', 88),
('clozapine', 89),
('olanzapine', 90),
('paliperidone', 91),
('risperidone', 92),
('sultopride', 93),
('trimipramine', 94),
('zotepine', 95),
('phenobarbital', 96),
('chlordiazepoxide', 97),
('buprenorphine', 98),
('hydroxyzine', 99),
('eszopiclone', 100),
('zopiclone', 101),
('lisdexamfetamine', 102),
('propylhexedrine', 103),
('epinephrine', 104),
('ephedrine', 105),
('pseudoephedrine', 106),
('valproate', 107),
('carbamazepine', 108),
('lamotrigine', 109),
('oxcarbazepine', 110),
('dexmethylphenidate', 111),
('@0002', 112),
('iloperidone', 115),
('@0003', 114),
('phenytoin', 116),
('gabapentin', 117),
('topiramate', 118),
('levetiracetam', 119),
('ramelteon', 120),
('clonidine', 121),
('atomoxetine', 122),
('levomilnacipran', 123),
('selegiline', 124),
('tranylcypromine', 125),
('mirtazepine', 126);

-- --------------------------------------------------------

--
-- Table structure for table `ppgenmedprop`
--

CREATE TABLE IF NOT EXISTS `ppgenmedprop` (
  `keyid` int(11) NOT NULL,
  `fkgenmed` int(11) NOT NULL,
  `prop` varchar(10) COLLATE utf8_unicode_ci NOT NULL,
  `val` varchar(250) COLLATE utf8_unicode_ci DEFAULT NULL
) ENGINE=MyISAM AUTO_INCREMENT=555 DEFAULT CHARSET=utf8 COLLATE=utf8_unicode_ci;

--
-- Dumping data for table `ppgenmedprop`
--

INSERT INTO `ppgenmedprop` (`keyid`, `fkgenmed`, `prop`, `val`) VALUES
(1, 3, 'schedule', 'IV'),
(2, 5, 'schedule', 'IV'),
(3, 4, 'schedule', 'IV'),
(4, 6, 'schedule', 'IV'),
(5, 0, 'schedule', 'IV'),
(6, 11, 'schedule', 'IV'),
(7, 12, 'schedule', 'IV'),
(8, 13, 'schedule', 'IV'),
(9, 1, 'class', 'SSRI'),
(10, 1, 'depres', 'prim'),
(11, 9, 'schizo', 'best'),
(12, 9, 'cost', '1100'),
(13, 1, 'cost', '4'),
(14, 6, 'cost', '10'),
(15, 3, 'panic', 'best'),
(16, 6, 'panic', 'prim'),
(17, 3, 'cost', '11'),
(18, 14, 'class', 'SSRI'),
(19, 16, 'class', 'SSRI'),
(20, 15, 'class', 'SSRI'),
(21, 16, 'depres', 'best'),
(22, 12, 'insom', 'prim'),
(23, 8, 'insom', 'prim'),
(24, 5, 'panic', 'sec'),
(25, 4, 'panic', 'sec'),
(26, 5, 'cost', '8'),
(27, 7, 'cost', '40'),
(28, 19, 'class', 'SSRI'),
(29, 17, 'class', 'SSRI'),
(30, 18, 'class', 'SSRI'),
(31, 21, 'class', 'SSRI'),
(32, 20, 'class', 'SSRI'),
(33, 22, 'class', 'SSRI'),
(34, 3, 'class', 'benzo'),
(35, 5, 'class', 'benzo'),
(36, 4, 'class', 'benzo'),
(37, 6, 'class', 'benzo'),
(38, 11, 'class', 'benzo'),
(39, 12, 'class', 'benzo'),
(40, 13, 'class', 'muscl'),
(41, 25, 'class', 'muscl'),
(42, 27, 'class', 'muscl'),
(43, 2, 'class', 'SNRI'),
(44, 27, 'cost', '50'),
(45, 26, 'cost', '13'),
(46, 25, 'cost', '32'),
(47, 23, 'cost', '9'),
(48, 26, 'class', 'muscl'),
(49, 23, 'class', 'muscl'),
(50, 28, 'cost', '22'),
(51, 28, 'class', 'muscl'),
(52, 24, 'class', 'muscl'),
(53, 24, 'cost', '10'),
(54, 29, 'class', 'anxio'),
(55, 29, 'cost', '20'),
(56, 29, 'panic', 'prim'),
(57, 13, 'cost', '13'),
(58, 16, 'cost', '4'),
(59, 3, 'dose', '0.5'),
(60, 3, 'max', '10'),
(61, 7, 'dose', '2'),
(62, 7, 'class', 'aapsy'),
(63, 7, 'schizo', 'prim'),
(64, 7, 'bipol', 'prim'),
(65, 7, 'max', '30'),
(66, 24, 'dose', '15'),
(67, 24, 'max', '80'),
(68, 0, 'class', 'tetcy'),
(69, 29, 'dose', '15'),
(70, 29, 'max', '60'),
(71, 24, 'insom', 'sec'),
(72, 31, 'insom', 'prim'),
(73, 31, 'class', 'hypno'),
(74, 31, 'dose', '10'),
(75, 31, 'max', '20'),
(76, 31, 'cost', '17'),
(77, 30, 'dose', '5'),
(78, 30, 'max', '200'),
(79, 30, 'class', 'hypno'),
(80, 30, 'insom', 'best'),
(81, 30, 'cost', '9'),
(82, 31, 'schedule', 'IV'),
(83, 30, 'schedule', 'IV'),
(84, 32, 'insom', 'prim'),
(85, 13, 'dose', '1000'),
(86, 13, 'max', '1400'),
(87, 16, 'dose', '20'),
(88, 16, 'max', '40'),
(89, 5, 'dose', '0.5'),
(90, 5, 'max', '20'),
(91, 23, 'dose', '15'),
(92, 23, 'max', '30'),
(93, 4, 'dose', '4'),
(94, 4, 'max', '40'),
(95, 4, 'cost', '7'),
(96, 2, 'cost', '20'),
(97, 2, 'depres', 'prim'),
(98, 2, 'panic', 'sec'),
(99, 2, 'pain', 'sec'),
(100, 13, 'pain', 'best'),
(101, 24, 'pain', 'prim'),
(102, 1, 'pain', 'prim'),
(103, 2, 'dose', '20'),
(104, 2, 'max', '120'),
(105, 17, 'cost', '10'),
(106, 17, 'dose', '10'),
(107, 17, 'depres', 'prim'),
(108, 17, 'panic', 'sec'),
(109, 17, 'max', '20'),
(110, 1, 'panic', 'sec'),
(111, 1, 'dose', '20'),
(112, 1, 'max', '80'),
(113, 23, 'insom', 'sec'),
(114, 23, 'pain', 'prim'),
(115, 18, 'cost', '13'),
(116, 18, 'max', '300'),
(117, 18, 'dose', '100'),
(118, 0, 'depres', 'sec'),
(119, 18, 'depres', 'sec'),
(120, 18, 'OCD', 'best'),
(121, 6, 'dose', '1'),
(122, 6, 'max', '10'),
(123, 6, 'pain', 'sec'),
(124, 6, 'insom', 'sec'),
(125, 9, 'max', '160'),
(126, 9, 'dose', '40'),
(127, 9, 'class', 'aapsy'),
(128, 9, 'bipol', 'prim'),
(129, 10, 'cost', '32'),
(130, 10, 'schizo', 'prim'),
(131, 10, 'dose', '20'),
(132, 10, 'class', 'aapsy'),
(133, 10, 'bipol', 'prim'),
(134, 12, 'cost', '35'),
(135, 12, 'dose', '0.25'),
(136, 12, 'max', '0.5'),
(137, 8, 'depres', 'prim'),
(138, 8, 'max', '400'),
(139, 8, 'dose', '150'),
(140, 8, 'cost', '4'),
(141, 8, 'class', 'SARI'),
(142, 28, 'insom', 'sec'),
(143, 28, 'dose', '6'),
(144, 28, 'max', '36'),
(145, 28, 'pain', 'prim'),
(146, 11, 'max', '30'),
(147, 11, 'dose', '15'),
(148, 11, 'cost', '10'),
(149, 0, 'insom', 'prim'),
(150, 11, 'insom', 'prim'),
(151, 14, 'max', '200'),
(152, 14, 'dose', '50'),
(153, 14, 'cost', '9'),
(154, 0, 'OCD', 'prim'),
(155, 0, 'PTSD', 'prim'),
(156, 14, 'OCD', 'prim'),
(157, 14, 'PTSD', 'prim'),
(158, 14, 'depres', 'prim'),
(159, 14, 'panic', 'sec'),
(160, 32, 'class', 'aapsy'),
(161, 32, 'cost', '10'),
(162, 32, 'schizo', 'prim'),
(163, 32, 'bipol', 'prim'),
(164, 32, 'depres', 'sec'),
(165, 32, 'dose', '150'),
(166, 32, 'max', '800'),
(167, 15, 'cost', '5'),
(168, 15, 'max', '60'),
(169, 15, 'dose', '20'),
(170, 15, 'PTSD', 'prim'),
(171, 15, 'panic', 'sec'),
(172, 15, 'OCD', 'prim'),
(173, 15, 'depres', 'prim'),
(174, 25, 'max', '200'),
(175, 25, 'pain', 'prim'),
(176, 25, 'dose', '200'),
(177, 26, 'max', '8000'),
(178, 26, 'dose', '6000'),
(179, 26, 'pain', 'prim'),
(180, 27, 'pain', 'prim'),
(181, 27, 'dose', '2400'),
(182, 27, 'max', '3200'),
(183, 33, 'depres', 'prim'),
(184, 42, 'depres', 'sec'),
(185, 36, 'depres', 'sec'),
(186, 42, 'class', 'MAOI'),
(187, 37, 'OCD', 'prim'),
(188, 39, 'depres', 'sec'),
(189, 34, 'depres', 'prim'),
(190, 40, 'depres', 'sec'),
(191, 38, 'depres', 'prim'),
(192, 41, 'depres', 'sec'),
(193, 35, 'pain', 'prim'),
(194, 35, 'cost', '345'),
(195, 34, 'cost', '50'),
(196, 34, 'dose', '50'),
(197, 34, 'max', '400'),
(198, 34, 'class', 'SNRI'),
(199, 40, 'cost', '10'),
(200, 40, 'max', '150'),
(201, 40, 'dose', '75'),
(202, 36, 'class', 'tricy'),
(203, 37, 'class', 'tricy'),
(204, 36, 'cost', '8'),
(205, 37, 'cost', '200'),
(206, 39, 'cost', '21'),
(207, 41, 'cost', '9'),
(208, 38, 'cost', '7'),
(209, 33, 'cost', '20'),
(210, 39, 'class', 'tricy'),
(211, 40, 'class', 'tricy'),
(212, 41, 'class', 'tricy'),
(213, 35, 'class', 'SNRI'),
(214, 38, 'class', 'tricy'),
(215, 33, 'class', 'SNRI'),
(216, 42, 'cost', '35'),
(217, 10, 'max', '160'),
(218, 36, 'max', '150'),
(219, 36, 'dose', '75'),
(220, 39, 'max', '300'),
(221, 39, 'dose', '100'),
(222, 40, 'panic', 'sec'),
(223, 40, 'insom', 'sec'),
(224, 41, 'max', '300'),
(225, 41, 'dose', '100'),
(226, 38, 'dose', '75'),
(227, 38, 'max', '150'),
(228, 42, 'dose', '45'),
(229, 42, 'max', '90'),
(230, 33, 'dose', '75'),
(231, 33, 'max', '375'),
(232, 33, 'panic', 'sec'),
(233, 37, 'dose', '25'),
(234, 37, 'max', '250'),
(235, 43, 'dose', '100'),
(236, 43, 'max', '450'),
(237, 43, 'depres', 'prim'),
(238, 43, 'class', 'aadep'),
(239, 43, 'cost', '20'),
(240, 44, 'schedule', 'II'),
(241, 48, 'dose', '5'),
(242, 48, 'max', '40'),
(243, 48, 'schizo', 'prim'),
(244, 48, 'class', 'neulp'),
(245, 48, 'cost', '35'),
(246, 49, 'cost', '20'),
(247, 73, 'cost', '20'),
(248, 87, 'cost', '570'),
(249, 87, 'bipol', 'prim'),
(250, 87, 'schizo', 'prim'),
(251, 53, 'cost', '1080'),
(252, 98, 'cost', '110'),
(253, 108, 'cost', '35'),
(254, 88, 'cost', '1130'),
(255, 97, 'cost', '10'),
(256, 80, 'cost', '125'),
(257, 44, 'cost', '41'),
(258, 89, 'cost', '90'),
(259, 114, 'cost', '120'),
(260, 111, 'cost', '38'),
(261, 104, 'cost', '110'),
(262, 100, 'cost', '23'),
(263, 65, 'cost', '825'),
(264, 79, 'cost', '4'),
(265, 99, 'cost', '13'),
(266, 109, 'cost', '12'),
(267, 77, 'cost', '4'),
(268, 102, 'cost', '285'),
(269, 50, 'cost', '4'),
(270, 75, 'cost', '19'),
(271, 68, 'cost', '26'),
(272, 54, 'cost', '68'),
(273, 90, 'cost', '14'),
(274, 110, 'cost', '21'),
(275, 91, 'cost', '250'),
(276, 112, 'cost', '70'),
(277, 96, 'cost', '25'),
(278, 78, 'cost', '50'),
(279, 46, 'cost', '14'),
(280, 45, 'cost', '431'),
(281, 82, 'cost', '4'),
(282, 83, 'cost', '20'),
(283, 71, 'cost', '60'),
(284, 92, 'cost', '13'),
(285, 51, 'cost', '322'),
(286, 52, 'cost', '240'),
(287, 107, 'cost', '30'),
(288, 94, 'cost', '80'),
(289, 84, 'cost', '21'),
(290, 86, 'cost', '33'),
(291, 69, 'cost', '331'),
(292, 47, 'cost', '322'),
(293, 44, 'class', 'stim'),
(294, 114, 'class', 'stim'),
(295, 111, 'class', 'stim'),
(296, 112, 'class', 'stim'),
(297, 73, 'class', 'tricy'),
(298, 75, 'class', 'tricy'),
(299, 87, 'class', 'aapsy'),
(300, 90, 'class', 'aapsy'),
(301, 91, 'class', 'aapsy'),
(302, 53, 'class', 'aapsy'),
(303, 98, 'class', 'opiod'),
(304, 108, 'class', 'moods'),
(305, 107, 'class', 'moods'),
(306, 110, 'class', 'moods'),
(307, 109, 'class', 'moods'),
(308, 118, 'cost', '11'),
(309, 117, 'cost', '15'),
(310, 118, 'class', 'moods'),
(311, 119, 'cost', '17'),
(312, 119, 'class', 'aepil'),
(313, 117, 'class', 'aepil'),
(314, 88, 'class', 'aapsy'),
(315, 92, 'class', 'aapsy'),
(316, 97, 'class', 'benzo'),
(317, 80, 'class', 'tapsy'),
(318, 89, 'class', 'aapsy'),
(319, 49, 'class', 'moods'),
(320, 104, 'class', 'sympth'),
(321, 100, 'class', 'hypno'),
(322, 120, 'class', 'hypno'),
(323, 120, 'cost', '375'),
(324, 65, 'class', 'aadep'),
(325, 79, 'class', 'tapsy'),
(326, 99, 'class', 'ahist'),
(327, 77, 'class', 'hormn'),
(328, 102, 'class', 'stim'),
(329, 50, 'class', 'moods'),
(330, 68, 'class', 'tetcy'),
(331, 54, 'class', 'SRI'),
(332, 96, 'class', 'barbt'),
(333, 78, 'class', 'tapsy'),
(334, 46, 'class', 'aalfa'),
(335, 121, 'cost', '4'),
(336, 121, 'class', 'aalfa'),
(337, 45, 'class', 'aepil'),
(338, 82, 'class', 'aemet'),
(339, 83, 'class', 'aemet'),
(340, 71, 'class', 'tricy'),
(341, 47, 'class', 'hypno'),
(342, 69, 'class', 'opiod'),
(343, 86, 'class', 'tapsy'),
(344, 84, 'class', 'tapsy'),
(345, 94, 'class', 'tricy'),
(346, 52, 'class', 'SSRI'),
(347, 51, 'class', 'SMS'),
(348, 98, 'schedule', 'III'),
(349, 97, 'schedule', 'IV'),
(350, 114, 'schedule', 'II'),
(351, 111, 'schedule', 'II'),
(352, 100, 'schedule', 'IV'),
(353, 102, 'schedule', 'II'),
(354, 96, 'schedule', 'IV'),
(355, 112, 'schedule', 'II'),
(356, 44, 'dose', '10'),
(357, 44, 'max', '60'),
(358, 98, 'max', '32'),
(359, 98, 'dose', '4'),
(360, 121, 'dose', '0.1'),
(361, 118, 'dose', '50'),
(362, 96, 'dose', '100'),
(363, 50, 'dose', '300'),
(364, 102, 'dose', '10'),
(365, 102, 'max', '70'),
(366, 77, 'dose', '50'),
(367, 117, 'dose', '300'),
(368, 73, 'dose', '50'),
(369, 73, 'depres', 'sec'),
(370, 73, 'max', '600'),
(371, 87, 'dose', '10'),
(372, 87, 'max', '20'),
(373, 87, 'comm', 'sublingual'),
(374, 44, 'ADHD', 'prim'),
(375, 53, 'schizo', 'prim'),
(376, 53, 'depres', 'prim'),
(377, 53, 'dose', '1'),
(378, 53, 'max', '4'),
(379, 108, 'bipol', 'sec'),
(380, 108, 'max', '1200'),
(381, 108, 'dose', '400'),
(382, 88, 'bipol', 'prim'),
(383, 88, 'schizo', 'prim'),
(384, 88, 'dose', '1.5'),
(385, 88, 'max', '6'),
(386, 97, 'panic', 'sec'),
(387, 97, 'dose', '20'),
(388, 97, 'max', '300'),
(389, 80, 'bipol', 'sec'),
(390, 80, 'schizo', 'sec'),
(391, 80, 'dose', '100'),
(392, 80, 'max', '2000'),
(393, 0, 'pain', 'sec'),
(394, 121, 'pain', 'sec'),
(395, 121, 'max', '2.4'),
(396, 89, 'schizo', 'sec'),
(397, 89, 'dose', '25'),
(398, 89, 'max', '900'),
(399, 114, 'max', '72'),
(400, 114, 'ADHD', 'prim'),
(401, 114, 'dose', '18'),
(402, 111, 'dose', '5'),
(403, 111, 'ADHD', 'prim'),
(404, 111, 'max', '20'),
(405, 49, 'bipol', 'prim'),
(406, 49, 'dose', '750'),
(407, 49, 'max', '1000'),
(408, 100, 'max', '3'),
(409, 100, 'insom', 'prim'),
(410, 100, 'dose', '1'),
(411, 65, 'comm', 'female.hypoactive.sexual.desire.disorder'),
(412, 65, 'max', '100'),
(413, 65, 'dose', '100'),
(414, 117, 'comm', 'neuralgia'),
(415, 117, 'max', '3600'),
(416, 79, 'schizo', 'prim'),
(417, 79, 'dose', '2'),
(418, 79, 'max', '100'),
(419, 99, 'panic', 'prim'),
(420, 99, 'dose', '50'),
(421, 99, 'max', '500'),
(422, 109, 'bipol', 'prim'),
(423, 109, 'dose', '25'),
(424, 109, 'max', '1500'),
(425, 119, 'panic', 'sec'),
(426, 119, 'dose', '1000'),
(427, 119, 'max', '3000'),
(428, 102, 'ADHD', 'prim'),
(429, 122, 'class', 'NRI'),
(430, 122, 'ADHD', 'best'),
(431, 122, 'cost', '150'),
(432, 122, 'dose', '40'),
(433, 122, 'max', '70'),
(434, 50, 'bipol', 'best'),
(435, 1, 'PTSD', 'best'),
(436, 1, 'ADHD', 'sec'),
(437, 89, 'comm', 'ANC.monthly'),
(438, 77, 'depres', 'sec'),
(439, 77, 'max', '300'),
(440, 50, 'comm', 'EKG.renal_function.serum_lithium.TSH'),
(441, 50, 'max', '1800'),
(442, 75, 'schizo', 'sec'),
(443, 75, 'dose', '10'),
(444, 75, 'max', '250'),
(445, 68, 'depres', 'prim'),
(446, 68, 'bipol', 'sec'),
(447, 68, 'dose', '75'),
(448, 68, 'max', '225'),
(449, 35, 'max', '200'),
(450, 35, 'dose', '100'),
(451, 54, 'dose', '200'),
(452, 54, 'depres', 'prim'),
(453, 54, 'max', '600'),
(454, 112, 'max', '60'),
(455, 112, 'ADHD', 'prim'),
(456, 112, 'dose', '10'),
(457, 96, 'insom', 'prim'),
(458, 96, 'max', '400'),
(459, 90, 'max', '30'),
(460, 90, 'bipol', 'prim'),
(461, 90, 'depres', 'prim'),
(462, 90, 'schizo', 'prim'),
(463, 90, 'dose', '5'),
(464, 0, 'bipol', 'prim'),
(465, 110, 'bipol', 'prim'),
(466, 110, 'dose', '600'),
(467, 110, 'max', '2400'),
(468, 108, 'comm', 'agranulocytosis'),
(469, 91, 'schizo', 'prim'),
(470, 91, 'max', '12'),
(471, 91, 'dose', '6'),
(472, 78, 'comm', 'Tourette'),
(473, 78, 'schizo', 'sec'),
(474, 78, 'max', '10'),
(475, 78, 'dose', '1'),
(476, 46, 'PTSD', 'sec'),
(477, 46, 'panic', 'sec'),
(478, 46, 'comm', 'nightmares'),
(479, 46, 'dose', '1'),
(480, 46, 'max', '40'),
(481, 45, 'max', '300'),
(482, 45, 'schedule', 'V'),
(483, 45, 'pain', 'prim'),
(484, 45, 'dose', '150'),
(485, 82, 'schizo', 'prim'),
(486, 82, 'max', '150'),
(487, 82, 'dose', '20'),
(488, 83, 'pain', 'sec'),
(489, 83, 'dose', '12.5'),
(490, 83, 'max', '100'),
(491, 71, 'depres', 'sec'),
(492, 71, 'dose', '15'),
(493, 71, 'max', '60'),
(494, 120, 'insom', 'prim'),
(495, 120, 'max', '8'),
(496, 120, 'dose', '8'),
(497, 92, 'dose', '2'),
(498, 92, 'schizo', 'prim'),
(499, 92, 'bipol', 'prim'),
(500, 92, 'max', '16'),
(501, 0, 'max', '200'),
(502, 47, 'max', '20'),
(503, 47, 'insom', 'prim'),
(504, 47, 'schedule', 'IV'),
(505, 47, 'dose', '10'),
(506, 69, 'schedule', 'II'),
(507, 69, 'max', '600'),
(508, 69, 'dose', '200'),
(509, 51, 'dose', '10'),
(510, 51, 'depres', 'prim'),
(511, 51, 'max', '20'),
(512, 52, 'max', '40'),
(513, 52, 'depres', 'prim'),
(514, 52, 'dose', '10'),
(515, 107, 'dose', '10'),
(516, 107, 'bipol', 'sec'),
(517, 107, 'schizo', 'sec'),
(518, 107, 'max', '60'),
(519, 94, 'max', '200'),
(520, 94, 'depres', 'sec'),
(521, 94, 'dose', '75'),
(522, 84, 'schizo', 'sec'),
(523, 84, 'panic', 'sec'),
(524, 84, 'max', '40'),
(525, 84, 'dose', '5'),
(526, 118, 'pain', 'prim'),
(527, 118, 'max', '400'),
(528, 86, 'max', '60'),
(529, 86, 'schizo', 'sec'),
(530, 86, 'dose', '10'),
(531, 35, 'depres', 'prim'),
(532, 123, 'class', 'SNRI'),
(533, 123, 'cost', '345'),
(534, 123, 'depres', 'prim'),
(535, 123, 'dose', '20'),
(536, 123, 'max', '120'),
(537, 124, 'cost', '40'),
(538, 124, 'class', 'MAOI'),
(539, 126, 'cost', '12'),
(540, 125, 'cost', '200'),
(541, 125, 'class', 'MAOI'),
(542, 126, 'class', 'tetcy'),
(543, 126, 'depres', 'prim'),
(544, 126, 'dose', '15'),
(545, 126, 'max', '45'),
(546, 124, 'max', '10'),
(547, 124, 'dose', '5'),
(548, 125, 'dose', '30'),
(549, 125, 'depres', 'sec'),
(550, 125, 'max', '60'),
(551, 124, 'depres', 'sec'),
(552, 117, 'pain', 'prim'),
(553, 17, 'PTSD', 'prim'),
(554, 16, 'PTSD', 'prim');

-- --------------------------------------------------------

--
-- Table structure for table `ppprops`
--

CREATE TABLE IF NOT EXISTS `ppprops` (
  `keyid` int(11) NOT NULL,
  `keynam` varchar(10) COLLATE utf8_unicode_ci NOT NULL,
  `propdesc` varchar(250) COLLATE utf8_unicode_ci NOT NULL
) ENGINE=MyISAM AUTO_INCREMENT=16 DEFAULT CHARSET=utf8 COLLATE=utf8_unicode_ci;

--
-- Dumping data for table `ppprops`
--

INSERT INTO `ppprops` (`keyid`, `keynam`, `propdesc`) VALUES
(1, 'schedule', 'controlled substance'),
(2, 'class', 'drug class'),
(3, 'depres', 'major depression'),
(4, 'schizo', 'schizophrenic disorder'),
(5, 'cost', 'cost of 30 days of most common dose'),
(6, 'panic', 'panic disorder'),
(7, 'insom', 'insomnia'),
(8, 'dose', 'starting dose'),
(9, 'max', 'maximum dose'),
(10, 'bipol', 'bipolar disorder'),
(11, 'pain', 'chronic pain'),
(12, 'OCD', 'obsessive compulsive disorder'),
(13, 'PTSD', 'post traumatic stress disorder'),
(14, 'comm', 'comments'),
(15, 'ADHD', 'attention deficit hyperactive disorder');

-- --------------------------------------------------------

--
-- Table structure for table `pptrdnam`
--

CREATE TABLE IF NOT EXISTS `pptrdnam` (
  `tradename` varchar(40) COLLATE utf8_unicode_ci NOT NULL,
  `fkgenmed` int(11) NOT NULL,
  `keyid` int(11) NOT NULL
) ENGINE=MyISAM AUTO_INCREMENT=75 DEFAULT CHARSET=utf8 COLLATE=utf8_unicode_ci;

--
-- Dumping data for table `pptrdnam`
--

INSERT INTO `pptrdnam` (`tradename`, `fkgenmed`, `keyid`) VALUES
('Xanax', 3, 1),
('Abilify', 7, 2),
('Klonopin', 5, 3),
('Valium', 4, 4),
('Prozac', 1, 5),
('Ativan', 6, 6),
('Latuda', 9, 7),
('Geodon', 10, 8),
('Restoril', 11, 10),
('Halcion', 12, 12),
('Soma', 13, 13),
('Norflex', 25, 14),
('Robaxin', 26, 15),
('Skelaxin', 27, 16),
('Cymbalta', 2, 17),
('Flexeril', 23, 18),
('Zanaflex', 28, 19),
('Buspar', 29, 20),
('Celexa', 16, 21),
('Sonata', 31, 22),
('Ambien', 30, 23),
('Seroquel', 32, 24),
('Lexapro', 17, 25),
('Luvox', 18, 26),
('Zoloft', 14, 27),
('Paxil', 15, 28),
('Nardil', 42, 29),
('Anafranil', 37, 30),
('Pristiq', 34, 31),
('Sinequan', 40, 32),
('Elavil', 36, 33),
('Tofranil', 41, 34),
('Pamelor', 38, 35),
('Effexor', 33, 36),
('Wellbutrin', 43, 37),
('Adderall', 44, 38),
('Prolixin', 48, 39),
('Depakote', 49, 40),
('Ritalin', 112, 41),
('Concerta', 114, 42),
('Focalin', 111, 43),
('Saphris', 87, 44),
('Rexulti', 53, 45),
('Tegretol', 108, 46),
('Vraylar', 88, 47),
('Librium', 97, 48),
('Thorazine', 80, 49),
('Clozaril', 89, 50),
('Lunesta', 100, 51),
('Haldol', 79, 52),
('Vistaril', 99, 53),
('Lamictal', 109, 54),
('Vyvanse', 102, 55),
('Serzone', 54, 56),
('Zyprexa', 90, 57),
('Trileptal', 110, 58),
('Invega', 91, 59),
('Minipress', 46, 60),
('Lyrica', 45, 61),
('Compazine', 82, 62),
('Phenergan', 83, 63),
('Sudafed', 106, 64),
('Risperdal', 92, 65),
('Trintellix', 51, 66),
('Viibryd', 52, 67),
('Stelazine', 84, 68),
('Nucynta', 69, 69),
('Belsomra', 47, 70),
('Catapres', 121, 71),
('Keppra', 119, 72),
('Strattera', 122, 73),
('Remeron', 126, 74);

--
-- Indexes for dumped tables
--

--
-- Indexes for table `ppcombo`
--
ALTER TABLE `ppcombo`
  ADD PRIMARY KEY (`keyid`), ADD UNIQUE KEY `tradename` (`tradename`);

--
-- Indexes for table `ppgenmed`
--
ALTER TABLE `ppgenmed`
  ADD PRIMARY KEY (`keyid`), ADD UNIQUE KEY `mednam` (`mednam`);

--
-- Indexes for table `ppgenmedprop`
--
ALTER TABLE `ppgenmedprop`
  ADD PRIMARY KEY (`keyid`), ADD UNIQUE KEY `prop` (`fkgenmed`,`prop`);

--
-- Indexes for table `ppprops`
--
ALTER TABLE `ppprops`
  ADD PRIMARY KEY (`keyid`), ADD UNIQUE KEY `keynam` (`keynam`);

--
-- Indexes for table `pptrdnam`
--
ALTER TABLE `pptrdnam`
  ADD PRIMARY KEY (`keyid`), ADD UNIQUE KEY `tradename` (`tradename`);

--
-- AUTO_INCREMENT for dumped tables
--

--
-- AUTO_INCREMENT for table `ppcombo`
--
ALTER TABLE `ppcombo`
  MODIFY `keyid` int(11) NOT NULL AUTO_INCREMENT;
--
-- AUTO_INCREMENT for table `ppgenmed`
--
ALTER TABLE `ppgenmed`
  MODIFY `keyid` int(11) NOT NULL AUTO_INCREMENT,AUTO_INCREMENT=128;
--
-- AUTO_INCREMENT for table `ppgenmedprop`
--
ALTER TABLE `ppgenmedprop`
  MODIFY `keyid` int(11) NOT NULL AUTO_INCREMENT,AUTO_INCREMENT=555;
--
-- AUTO_INCREMENT for table `ppprops`
--
ALTER TABLE `ppprops`
  MODIFY `keyid` int(11) NOT NULL AUTO_INCREMENT,AUTO_INCREMENT=16;
--
-- AUTO_INCREMENT for table `pptrdnam`
--
ALTER TABLE `pptrdnam`
  MODIFY `keyid` int(11) NOT NULL AUTO_INCREMENT,AUTO_INCREMENT=75;
/*!40101 SET CHARACTER_SET_CLIENT=@OLD_CHARACTER_SET_CLIENT */;
/*!40101 SET CHARACTER_SET_RESULTS=@OLD_CHARACTER_SET_RESULTS */;
/*!40101 SET COLLATION_CONNECTION=@OLD_COLLATION_CONNECTION */;
